{
  "violation_type": "NO-Safety Vest",
  "train_days": 23,
  "test_days": 7,
  "prophet_mape": 0.013576344346695995,
  "sarima_mape": 0.022514742854021635,
  "winner": "prophet",
  "prophet_pred": [
    0.902195645125389,
    0.8966738416058702,
    0.9428665206670144,
    0.9128918937968048,
    0.9148382355381012,
    0.9473606609756098,
    0.9476093676060718
  ],
  "sarima_pred": [
    0.8786108638741137,
    0.8913642249348236,
    0.936409858694321,
    0.9061131549750584,
    0.9004633552351616,
    0.940753867776886,
    0.9398291587254092
  ]
}