{
  "violation_type": "No_Harness",
  "train_days": 23,
  "test_days": 7,
  "prophet_mape": 0.0106577506075264,
  "sarima_mape": 0.004311644783936415,
  "winner": "sarima",
  "prophet_pred": [
    0.9546263760509752,
    0.9756855627308806,
    0.9759165607398046,
    0.9709636900995965,
    0.9785466008307961,
    0.9788538663393447,
    0.9848237716724809
  ],
  "sarima_pred": [
    0.9814590266683592,
    0.9653822784399936,
    0.9801641885120644,
    0.9631571341563376,
    0.982215263754663,
    0.9745993234482062,
    0.9823989842245954
  ]
}