{
  "violation_type": "NO-Hardhat",
  "train_days": 23,
  "test_days": 7,
  "prophet_mape": 0.018324379404540753,
  "sarima_mape": 0.032006267902997536,
  "winner": "prophet",
  "prophet_pred": [
    0.893366815607416,
    0.8694232522688266,
    0.8940653104432571,
    0.8964498334535528,
    0.9030762665889804,
    0.9274255981214062,
    0.9446266177974287
  ],
  "sarima_pred": [
    0.9309896352218214,
    0.9175351660536981,
    0.8741271317298909,
    0.8872939470434621,
    0.9254204172458576,
    0.9711419696785755,
    0.9356719624423342
  ]
}